tahun,nilai_harga_pangan
2023,38334.807832439605
2024,40523.4058141428
2025,41629.880402626455
